<?xml version="1.0" encoding="UTF-8"?>
<rss version="2.0" xmlns:ror="http://rorweb.com/0.1/" >
<channel>
  <title>ROR Sitemap for https://github.com/RamiroGulino/desaf-o-scss-y-SEO.git</title>
  <link>https://github.com/RamiroGulino/desaf-o-scss-y-SEO.git</link>

<item>
     <link>https://github.com/RamiroGulino/desaf-o-scss-y-SEO</link>
     <title>GitHub - RamiroGulino/desaf-o-scss-y-SEO</title>
     <description>Contribute to RamiroGulino/desaf-o-scss-y-SEO development by creating an account on GitHub.</description>
     <ror:updatePeriod></ror:updatePeriod>
     <ror:sortOrder>0</ror:sortOrder>
     <ror:resourceOf>sitemap</ror:resourceOf>
</item>
<item>
     <link>https://github.com/RamiroGulino/desaf-o-scss-y-SEO/issues</link>
     <title>Issues · RamiroGulino/desaf-o-scss-y-SEO · GitHub</title>
     <description>Contribute to RamiroGulino/desaf-o-scss-y-SEO development by creating an account on GitHub.</description>
     <ror:updatePeriod></ror:updatePeriod>
     <ror:sortOrder>1</ror:sortOrder>
     <ror:resourceOf>sitemap</ror:resourceOf>
</item>
<item>
     <link>https://github.com/RamiroGulino/desaf-o-scss-y-SEO/pulls</link>
     <title>Pull requests · RamiroGulino/desaf-o-scss-y-SEO · GitHub</title>
     <description>Contribute to RamiroGulino/desaf-o-scss-y-SEO development by creating an account on GitHub.</description>
     <ror:updatePeriod></ror:updatePeriod>
     <ror:sortOrder>1</ror:sortOrder>
     <ror:resourceOf>sitemap</ror:resourceOf>
</item>
<item>
     <link>https://github.com/RamiroGulino/desaf-o-scss-y-SEO/actions</link>
     <title>Actions · RamiroGulino/desaf-o-scss-y-SEO · GitHub</title>
     <description>Contribute to RamiroGulino/desaf-o-scss-y-SEO development by creating an account on GitHub.</description>
     <ror:updatePeriod></ror:updatePeriod>
     <ror:sortOrder>1</ror:sortOrder>
     <ror:resourceOf>sitemap</ror:resourceOf>
</item>
<item>
     <link>https://github.com/RamiroGulino/desaf-o-scss-y-SEO/projects?type=beta</link>
     <title>Projects · desaf-o-scss-y-SEO · GitHub</title>
     <description>GitHub is where people build software. More than 83 million people use GitHub to discover, fork, and contribute to over 200 million projects.</description>
     <ror:updatePeriod></ror:updatePeriod>
     <ror:sortOrder>1</ror:sortOrder>
     <ror:resourceOf>sitemap</ror:resourceOf>
</item>
<item>
     <link>https://github.com/RamiroGulino/desaf-o-scss-y-SEO/security</link>
     <title>Security Overview · RamiroGulino/desaf-o-scss-y-SEO · GitHub</title>
     <description>GitHub is where people build software. More than 83 million people use GitHub to discover, fork, and contribute to over 200 million projects.</description>
     <ror:updatePeriod></ror:updatePeriod>
     <ror:sortOrder>1</ror:sortOrder>
     <ror:resourceOf>sitemap</ror:resourceOf>
</item>
<item>
     <link>https://github.com/RamiroGulino/desaf-o-scss-y-SEO/commit/db1886c0cfff33bedd7419e6f5179fd2edc87ff9</link>
     <title>primer commit · RamiroGulino/desaf-o-scss-y-SEO@db1886c · GitHub</title>
     <description>Contribute to RamiroGulino/desaf-o-scss-y-SEO development by creating an account on GitHub.</description>
     <ror:updatePeriod></ror:updatePeriod>
     <ror:sortOrder>1</ror:sortOrder>
     <ror:resourceOf>sitemap</ror:resourceOf>
</item>
<item>
     <link>https://github.com/RamiroGulino/desaf-o-scss-y-SEO/blob/master/index.html</link>
     <title>desaf-o-scss-y-SEO/index.html at master · RamiroGulino/desaf-o-scss-y-SEO · GitHub</title>
     <description>Contribute to RamiroGulino/desaf-o-scss-y-SEO development by creating an account on GitHub.</description>
     <ror:updatePeriod></ror:updatePeriod>
     <ror:sortOrder>1</ror:sortOrder>
     <ror:resourceOf>sitemap</ror:resourceOf>
</item>
<item>
     <link>https://github.com/RamiroGulino/desaf-o-scss-y-SEO/blob/master/package-lock.json</link>
     <title>desaf-o-scss-y-SEO/package-lock.json at master · RamiroGulino/desaf-o-scss-y-SEO · GitHub</title>
     <description>Contribute to RamiroGulino/desaf-o-scss-y-SEO development by creating an account on GitHub.</description>
     <ror:updatePeriod></ror:updatePeriod>
     <ror:sortOrder>1</ror:sortOrder>
     <ror:resourceOf>sitemap</ror:resourceOf>
</item>
<item>
     <link>https://github.com/RamiroGulino/desaf-o-scss-y-SEO/blob/master/package.json</link>
     <title>desaf-o-scss-y-SEO/package.json at master · RamiroGulino/desaf-o-scss-y-SEO · GitHub</title>
     <description>Contribute to RamiroGulino/desaf-o-scss-y-SEO development by creating an account on GitHub.</description>
     <ror:updatePeriod></ror:updatePeriod>
     <ror:sortOrder>1</ror:sortOrder>
     <ror:resourceOf>sitemap</ror:resourceOf>
</item>
<item>
     <link>https://github.com/RamiroGulino/desaf-o-scss-y-SEO/blob/master/readme-sass.txt</link>
     <title></title>
     
     <ror:updatePeriod></ror:updatePeriod>
     <ror:sortOrder>1</ror:sortOrder>
     <ror:resourceOf>sitemap</ror:resourceOf>
</item>
<item>
     <link>https://github.com/RamiroGulino/desaf-o-scss-y-SEO/releases</link>
     <title>Releases · RamiroGulino/desaf-o-scss-y-SEO · GitHub</title>
     <description>Contribute to RamiroGulino/desaf-o-scss-y-SEO development by creating an account on GitHub.</description>
     <ror:updatePeriod></ror:updatePeriod>
     <ror:sortOrder>1</ror:sortOrder>
     <ror:resourceOf>sitemap</ror:resourceOf>
</item>
<item>
     <link>https://github.com/RamiroGulino/desaf-o-scss-y-SEO/labels</link>
     <title>Labels · RamiroGulino/desaf-o-scss-y-SEO · GitHub</title>
     <description>Contribute to RamiroGulino/desaf-o-scss-y-SEO development by creating an account on GitHub.</description>
     <ror:updatePeriod></ror:updatePeriod>
     <ror:sortOrder>2</ror:sortOrder>
     <ror:resourceOf>sitemap</ror:resourceOf>
</item>
<item>
     <link>https://github.com/RamiroGulino/desaf-o-scss-y-SEO/milestones</link>
     <title>Milestones - RamiroGulino/desaf-o-scss-y-SEO · GitHub</title>
     <description>Contribute to RamiroGulino/desaf-o-scss-y-SEO development by creating an account on GitHub.</description>
     <ror:updatePeriod></ror:updatePeriod>
     <ror:sortOrder>2</ror:sortOrder>
     <ror:resourceOf>sitemap</ror:resourceOf>
</item>
<item>
     <link>https://github.com/RamiroGulino/desaf-o-scss-y-SEO/compare</link>
     <title>Compare · RamiroGulino/desaf-o-scss-y-SEO · GitHub</title>
     <description>Contribute to RamiroGulino/desaf-o-scss-y-SEO development by creating an account on GitHub.</description>
     <ror:updatePeriod></ror:updatePeriod>
     <ror:sortOrder>2</ror:sortOrder>
     <ror:resourceOf>sitemap</ror:resourceOf>
</item>
<item>
     <link>https://github.com/RamiroGulino/desaf-o-scss-y-SEO/projects?type=classic</link>
     <title>Projects · RamiroGulino/desaf-o-scss-y-SEO · GitHub</title>
     <description>Contribute to RamiroGulino/desaf-o-scss-y-SEO development by creating an account on GitHub.</description>
     <ror:updatePeriod></ror:updatePeriod>
     <ror:sortOrder>2</ror:sortOrder>
     <ror:resourceOf>sitemap</ror:resourceOf>
</item>
<item>
     <link>https://github.com/RamiroGulino/desaf-o-scss-y-SEO/security/policy</link>
     <title>Security Policy · RamiroGulino/desaf-o-scss-y-SEO · GitHub</title>
     <description>GitHub is where people build software. More than 83 million people use GitHub to discover, fork, and contribute to over 200 million projects.</description>
     <ror:updatePeriod></ror:updatePeriod>
     <ror:sortOrder>2</ror:sortOrder>
     <ror:resourceOf>sitemap</ror:resourceOf>
</item>
<item>
     <link>https://github.com/RamiroGulino/desaf-o-scss-y-SEO/security/advisories</link>
     <title>Security Advisories · RamiroGulino/desaf-o-scss-y-SEO · GitHub</title>
     <description>GitHub is where people build software. More than 83 million people use GitHub to discover, fork, and contribute to over 200 million projects.</description>
     <ror:updatePeriod></ror:updatePeriod>
     <ror:sortOrder>2</ror:sortOrder>
     <ror:resourceOf>sitemap</ror:resourceOf>
</item>
<item>
     <link>https://github.com/RamiroGulino/desaf-o-scss-y-SEO/blob/db1886c0cfff33bedd7419e6f5179fd2edc87ff9/index.html</link>
     <title>desaf-o-scss-y-SEO/index.html at db1886c0cfff33bedd7419e6f5179fd2edc87ff9 · RamiroGulino/desaf-o-scss-y-SEO · GitHub</title>
     <description>Contribute to RamiroGulino/desaf-o-scss-y-SEO development by creating an account on GitHub.</description>
     <ror:updatePeriod></ror:updatePeriod>
     <ror:sortOrder>2</ror:sortOrder>
     <ror:resourceOf>sitemap</ror:resourceOf>
</item>
<item>
     <link>https://github.com/RamiroGulino/desaf-o-scss-y-SEO/find/master</link>
     <title>File Finder · GitHub</title>
     <description>Contribute to RamiroGulino/desaf-o-scss-y-SEO development by creating an account on GitHub.</description>
     <ror:updatePeriod></ror:updatePeriod>
     <ror:sortOrder>2</ror:sortOrder>
     <ror:resourceOf>sitemap</ror:resourceOf>
</item>
<item>
     <link>https://github.com/RamiroGulino/desaf-o-scss-y-SEO/blob/db1886c0cfff33bedd7419e6f5179fd2edc87ff9/package-lock.json</link>
     <title>desaf-o-scss-y-SEO/package-lock.json at db1886c0cfff33bedd7419e6f5179fd2edc87ff9 · RamiroGulino/desaf-o-scss-y-SEO · GitHub</title>
     <description>Contribute to RamiroGulino/desaf-o-scss-y-SEO development by creating an account on GitHub.</description>
     <ror:updatePeriod></ror:updatePeriod>
     <ror:sortOrder>2</ror:sortOrder>
     <ror:resourceOf>sitemap</ror:resourceOf>
</item>
<item>
     <link>https://github.com/RamiroGulino/desaf-o-scss-y-SEO/blob/db1886c0cfff33bedd7419e6f5179fd2edc87ff9/package.json</link>
     <title>desaf-o-scss-y-SEO/package.json at db1886c0cfff33bedd7419e6f5179fd2edc87ff9 · RamiroGulino/desaf-o-scss-y-SEO · GitHub</title>
     <description>Contribute to RamiroGulino/desaf-o-scss-y-SEO development by creating an account on GitHub.</description>
     <ror:updatePeriod></ror:updatePeriod>
     <ror:sortOrder>2</ror:sortOrder>
     <ror:resourceOf>sitemap</ror:resourceOf>
</item>
<item>
     <link>https://github.com/RamiroGulino/desaf-o-scss-y-SEO/labels?sort=name-asc</link>
     <title>Labels · RamiroGulino/desaf-o-scss-y-SEO · GitHub</title>
     <description>Contribute to RamiroGulino/desaf-o-scss-y-SEO development by creating an account on GitHub.</description>
     <ror:updatePeriod></ror:updatePeriod>
     <ror:sortOrder>3</ror:sortOrder>
     <ror:resourceOf>sitemap</ror:resourceOf>
</item>
<item>
     <link>https://github.com/RamiroGulino/desaf-o-scss-y-SEO/labels?sort=name-desc</link>
     <title>Labels · RamiroGulino/desaf-o-scss-y-SEO · GitHub</title>
     <description>Contribute to RamiroGulino/desaf-o-scss-y-SEO development by creating an account on GitHub.</description>
     <ror:updatePeriod></ror:updatePeriod>
     <ror:sortOrder>3</ror:sortOrder>
     <ror:resourceOf>sitemap</ror:resourceOf>
</item>
<item>
     <link>https://github.com/RamiroGulino/desaf-o-scss-y-SEO/labels?sort=count-desc</link>
     <title>Labels · RamiroGulino/desaf-o-scss-y-SEO · GitHub</title>
     <description>Contribute to RamiroGulino/desaf-o-scss-y-SEO development by creating an account on GitHub.</description>
     <ror:updatePeriod></ror:updatePeriod>
     <ror:sortOrder>3</ror:sortOrder>
     <ror:resourceOf>sitemap</ror:resourceOf>
</item>
<item>
     <link>https://github.com/RamiroGulino/desaf-o-scss-y-SEO/labels?sort=count-asc</link>
     <title>Labels · RamiroGulino/desaf-o-scss-y-SEO · GitHub</title>
     <description>Contribute to RamiroGulino/desaf-o-scss-y-SEO development by creating an account on GitHub.</description>
     <ror:updatePeriod></ror:updatePeriod>
     <ror:sortOrder>3</ror:sortOrder>
     <ror:resourceOf>sitemap</ror:resourceOf>
</item>
<item>
     <link>https://github.com/RamiroGulino/desaf-o-scss-y-SEO/labels/bug</link>
     <title>Issues · RamiroGulino/desaf-o-scss-y-SEO · GitHub</title>
     <description>Contribute to RamiroGulino/desaf-o-scss-y-SEO development by creating an account on GitHub.</description>
     <ror:updatePeriod></ror:updatePeriod>
     <ror:sortOrder>3</ror:sortOrder>
     <ror:resourceOf>sitemap</ror:resourceOf>
</item>
<item>
     <link>https://github.com/RamiroGulino/desaf-o-scss-y-SEO/labels/documentation</link>
     <title>Issues · RamiroGulino/desaf-o-scss-y-SEO · GitHub</title>
     <description>Contribute to RamiroGulino/desaf-o-scss-y-SEO development by creating an account on GitHub.</description>
     <ror:updatePeriod></ror:updatePeriod>
     <ror:sortOrder>3</ror:sortOrder>
     <ror:resourceOf>sitemap</ror:resourceOf>
</item>
<item>
     <link>https://github.com/RamiroGulino/desaf-o-scss-y-SEO/labels/duplicate</link>
     <title>Issues · RamiroGulino/desaf-o-scss-y-SEO · GitHub</title>
     <description>Contribute to RamiroGulino/desaf-o-scss-y-SEO development by creating an account on GitHub.</description>
     <ror:updatePeriod></ror:updatePeriod>
     <ror:sortOrder>3</ror:sortOrder>
     <ror:resourceOf>sitemap</ror:resourceOf>
</item>
<item>
     <link>https://github.com/RamiroGulino/desaf-o-scss-y-SEO/labels/enhancement</link>
     <title>Issues · RamiroGulino/desaf-o-scss-y-SEO · GitHub</title>
     <description>Contribute to RamiroGulino/desaf-o-scss-y-SEO development by creating an account on GitHub.</description>
     <ror:updatePeriod></ror:updatePeriod>
     <ror:sortOrder>3</ror:sortOrder>
     <ror:resourceOf>sitemap</ror:resourceOf>
</item>
<item>
     <link>https://github.com/RamiroGulino/desaf-o-scss-y-SEO/labels/good%20first%20issue</link>
     <title>Issues · RamiroGulino/desaf-o-scss-y-SEO · GitHub</title>
     <description>Contribute to RamiroGulino/desaf-o-scss-y-SEO development by creating an account on GitHub.</description>
     <ror:updatePeriod></ror:updatePeriod>
     <ror:sortOrder>3</ror:sortOrder>
     <ror:resourceOf>sitemap</ror:resourceOf>
</item>
<item>
     <link>https://github.com/RamiroGulino/desaf-o-scss-y-SEO/labels/help%20wanted</link>
     <title>Issues · RamiroGulino/desaf-o-scss-y-SEO · GitHub</title>
     <description>Contribute to RamiroGulino/desaf-o-scss-y-SEO development by creating an account on GitHub.</description>
     <ror:updatePeriod></ror:updatePeriod>
     <ror:sortOrder>3</ror:sortOrder>
     <ror:resourceOf>sitemap</ror:resourceOf>
</item>
<item>
     <link>https://github.com/RamiroGulino/desaf-o-scss-y-SEO/labels/invalid</link>
     <title>Issues · RamiroGulino/desaf-o-scss-y-SEO · GitHub</title>
     <description>Contribute to RamiroGulino/desaf-o-scss-y-SEO development by creating an account on GitHub.</description>
     <ror:updatePeriod></ror:updatePeriod>
     <ror:sortOrder>3</ror:sortOrder>
     <ror:resourceOf>sitemap</ror:resourceOf>
</item>
<item>
     <link>https://github.com/RamiroGulino/desaf-o-scss-y-SEO/labels/question</link>
     <title>Issues · RamiroGulino/desaf-o-scss-y-SEO · GitHub</title>
     <description>Contribute to RamiroGulino/desaf-o-scss-y-SEO development by creating an account on GitHub.</description>
     <ror:updatePeriod></ror:updatePeriod>
     <ror:sortOrder>3</ror:sortOrder>
     <ror:resourceOf>sitemap</ror:resourceOf>
</item>
<item>
     <link>https://github.com/RamiroGulino/desaf-o-scss-y-SEO/labels/wontfix</link>
     <title>Issues · RamiroGulino/desaf-o-scss-y-SEO · GitHub</title>
     <description>Contribute to RamiroGulino/desaf-o-scss-y-SEO development by creating an account on GitHub.</description>
     <ror:updatePeriod></ror:updatePeriod>
     <ror:sortOrder>3</ror:sortOrder>
     <ror:resourceOf>sitemap</ror:resourceOf>
</item>
<item>
     <link>https://github.com/RamiroGulino/desaf-o-scss-y-SEO/milestones?state=open</link>
     <title>Milestones - RamiroGulino/desaf-o-scss-y-SEO · GitHub</title>
     <description>Contribute to RamiroGulino/desaf-o-scss-y-SEO development by creating an account on GitHub.</description>
     <ror:updatePeriod></ror:updatePeriod>
     <ror:sortOrder>3</ror:sortOrder>
     <ror:resourceOf>sitemap</ror:resourceOf>
</item>
<item>
     <link>https://github.com/RamiroGulino/desaf-o-scss-y-SEO/milestones?state=closed</link>
     <title>Milestones - RamiroGulino/desaf-o-scss-y-SEO · GitHub</title>
     <description>Contribute to RamiroGulino/desaf-o-scss-y-SEO development by creating an account on GitHub.</description>
     <ror:updatePeriod></ror:updatePeriod>
     <ror:sortOrder>3</ror:sortOrder>
     <ror:resourceOf>sitemap</ror:resourceOf>
</item>
<item>
     <link>https://github.com/RamiroGulino/desaf-o-scss-y-SEO/milestones?direction=desc&amp;sort=due_date&amp;state=open</link>
     <title>Milestones - RamiroGulino/desaf-o-scss-y-SEO · GitHub</title>
     <description>Contribute to RamiroGulino/desaf-o-scss-y-SEO development by creating an account on GitHub.</description>
     <ror:updatePeriod></ror:updatePeriod>
     <ror:sortOrder>3</ror:sortOrder>
     <ror:resourceOf>sitemap</ror:resourceOf>
</item>
<item>
     <link>https://github.com/RamiroGulino/desaf-o-scss-y-SEO/milestones?direction=asc&amp;sort=due_date&amp;state=open</link>
     <title>Milestones - RamiroGulino/desaf-o-scss-y-SEO · GitHub</title>
     <description>Contribute to RamiroGulino/desaf-o-scss-y-SEO development by creating an account on GitHub.</description>
     <ror:updatePeriod></ror:updatePeriod>
     <ror:sortOrder>3</ror:sortOrder>
     <ror:resourceOf>sitemap</ror:resourceOf>
</item>
<item>
     <link>https://github.com/RamiroGulino/desaf-o-scss-y-SEO/milestones?direction=asc&amp;sort=completeness&amp;state=open</link>
     <title>Milestones - RamiroGulino/desaf-o-scss-y-SEO · GitHub</title>
     <description>Contribute to RamiroGulino/desaf-o-scss-y-SEO development by creating an account on GitHub.</description>
     <ror:updatePeriod></ror:updatePeriod>
     <ror:sortOrder>3</ror:sortOrder>
     <ror:resourceOf>sitemap</ror:resourceOf>
</item>
<item>
     <link>https://github.com/RamiroGulino/desaf-o-scss-y-SEO/milestones?direction=desc&amp;sort=completeness&amp;state=open</link>
     <title>Milestones - RamiroGulino/desaf-o-scss-y-SEO · GitHub</title>
     <description>Contribute to RamiroGulino/desaf-o-scss-y-SEO development by creating an account on GitHub.</description>
     <ror:updatePeriod></ror:updatePeriod>
     <ror:sortOrder>3</ror:sortOrder>
     <ror:resourceOf>sitemap</ror:resourceOf>
</item>
<item>
     <link>https://github.com/RamiroGulino/desaf-o-scss-y-SEO/milestones?direction=asc&amp;sort=title&amp;state=open</link>
     <title>Milestones - RamiroGulino/desaf-o-scss-y-SEO · GitHub</title>
     <description>Contribute to RamiroGulino/desaf-o-scss-y-SEO development by creating an account on GitHub.</description>
     <ror:updatePeriod></ror:updatePeriod>
     <ror:sortOrder>3</ror:sortOrder>
     <ror:resourceOf>sitemap</ror:resourceOf>
</item>
<item>
     <link>https://github.com/RamiroGulino/desaf-o-scss-y-SEO/milestones?direction=desc&amp;sort=title&amp;state=open</link>
     <title>Milestones - RamiroGulino/desaf-o-scss-y-SEO · GitHub</title>
     <description>Contribute to RamiroGulino/desaf-o-scss-y-SEO development by creating an account on GitHub.</description>
     <ror:updatePeriod></ror:updatePeriod>
     <ror:sortOrder>3</ror:sortOrder>
     <ror:resourceOf>sitemap</ror:resourceOf>
</item>
<item>
     <link>https://github.com/RamiroGulino/desaf-o-scss-y-SEO/milestones?direction=desc&amp;sort=count&amp;state=open</link>
     <title>Milestones - RamiroGulino/desaf-o-scss-y-SEO · GitHub</title>
     <description>Contribute to RamiroGulino/desaf-o-scss-y-SEO development by creating an account on GitHub.</description>
     <ror:updatePeriod></ror:updatePeriod>
     <ror:sortOrder>3</ror:sortOrder>
     <ror:resourceOf>sitemap</ror:resourceOf>
</item>
<item>
     <link>https://github.com/RamiroGulino/desaf-o-scss-y-SEO/milestones?direction=asc&amp;sort=count&amp;state=open</link>
     <title>Milestones - RamiroGulino/desaf-o-scss-y-SEO · GitHub</title>
     <description>Contribute to RamiroGulino/desaf-o-scss-y-SEO development by creating an account on GitHub.</description>
     <ror:updatePeriod></ror:updatePeriod>
     <ror:sortOrder>3</ror:sortOrder>
     <ror:resourceOf>sitemap</ror:resourceOf>
</item>
<item>
     <link>https://github.com/RamiroGulino/desaf-o-scss-y-SEO/security/advisories?state=published</link>
     <title>Security Advisories · RamiroGulino/desaf-o-scss-y-SEO · GitHub</title>
     <description>GitHub is where people build software. More than 83 million people use GitHub to discover, fork, and contribute to over 200 million projects.</description>
     <ror:updatePeriod></ror:updatePeriod>
     <ror:sortOrder>3</ror:sortOrder>
     <ror:resourceOf>sitemap</ror:resourceOf>
</item>
<item>
     <link>https://github.com/RamiroGulino/desaf-o-scss-y-SEO/find/db1886c0cfff33bedd7419e6f5179fd2edc87ff9</link>
     <title>File Finder · GitHub</title>
     <description>Contribute to RamiroGulino/desaf-o-scss-y-SEO development by creating an account on GitHub.</description>
     <ror:updatePeriod></ror:updatePeriod>
     <ror:sortOrder>3</ror:sortOrder>
     <ror:resourceOf>sitemap</ror:resourceOf>
</item>
<item>
     <link>https://github.com/RamiroGulino/desaf-o-scss-y-SEO/milestones?direction=desc&amp;sort=due_date&amp;state=closed</link>
     <title>Milestones - RamiroGulino/desaf-o-scss-y-SEO · GitHub</title>
     <description>Contribute to RamiroGulino/desaf-o-scss-y-SEO development by creating an account on GitHub.</description>
     <ror:updatePeriod></ror:updatePeriod>
     <ror:sortOrder>4</ror:sortOrder>
     <ror:resourceOf>sitemap</ror:resourceOf>
</item>
<item>
     <link>https://github.com/RamiroGulino/desaf-o-scss-y-SEO/milestones?direction=asc&amp;sort=due_date&amp;state=closed</link>
     <title>Milestones - RamiroGulino/desaf-o-scss-y-SEO · GitHub</title>
     <description>Contribute to RamiroGulino/desaf-o-scss-y-SEO development by creating an account on GitHub.</description>
     <ror:updatePeriod></ror:updatePeriod>
     <ror:sortOrder>4</ror:sortOrder>
     <ror:resourceOf>sitemap</ror:resourceOf>
</item>
<item>
     <link>https://github.com/RamiroGulino/desaf-o-scss-y-SEO/milestones?direction=asc&amp;sort=completeness&amp;state=closed</link>
     <title>Milestones - RamiroGulino/desaf-o-scss-y-SEO · GitHub</title>
     <description>Contribute to RamiroGulino/desaf-o-scss-y-SEO development by creating an account on GitHub.</description>
     <ror:updatePeriod></ror:updatePeriod>
     <ror:sortOrder>4</ror:sortOrder>
     <ror:resourceOf>sitemap</ror:resourceOf>
</item>
<item>
     <link>https://github.com/RamiroGulino/desaf-o-scss-y-SEO/milestones?direction=desc&amp;sort=completeness&amp;state=closed</link>
     <title>Milestones - RamiroGulino/desaf-o-scss-y-SEO · GitHub</title>
     <description>Contribute to RamiroGulino/desaf-o-scss-y-SEO development by creating an account on GitHub.</description>
     <ror:updatePeriod></ror:updatePeriod>
     <ror:sortOrder>4</ror:sortOrder>
     <ror:resourceOf>sitemap</ror:resourceOf>
</item>
<item>
     <link>https://github.com/RamiroGulino/desaf-o-scss-y-SEO/milestones?direction=asc&amp;sort=title&amp;state=closed</link>
     <title>Milestones - RamiroGulino/desaf-o-scss-y-SEO · GitHub</title>
     <description>Contribute to RamiroGulino/desaf-o-scss-y-SEO development by creating an account on GitHub.</description>
     <ror:updatePeriod></ror:updatePeriod>
     <ror:sortOrder>4</ror:sortOrder>
     <ror:resourceOf>sitemap</ror:resourceOf>
</item>
<item>
     <link>https://github.com/RamiroGulino/desaf-o-scss-y-SEO/milestones?direction=desc&amp;sort=title&amp;state=closed</link>
     <title>Milestones - RamiroGulino/desaf-o-scss-y-SEO · GitHub</title>
     <description>Contribute to RamiroGulino/desaf-o-scss-y-SEO development by creating an account on GitHub.</description>
     <ror:updatePeriod></ror:updatePeriod>
     <ror:sortOrder>4</ror:sortOrder>
     <ror:resourceOf>sitemap</ror:resourceOf>
</item>
<item>
     <link>https://github.com/RamiroGulino/desaf-o-scss-y-SEO/milestones?direction=desc&amp;sort=count&amp;state=closed</link>
     <title>Milestones - RamiroGulino/desaf-o-scss-y-SEO · GitHub</title>
     <description>Contribute to RamiroGulino/desaf-o-scss-y-SEO development by creating an account on GitHub.</description>
     <ror:updatePeriod></ror:updatePeriod>
     <ror:sortOrder>4</ror:sortOrder>
     <ror:resourceOf>sitemap</ror:resourceOf>
</item>
<item>
     <link>https://github.com/RamiroGulino/desaf-o-scss-y-SEO/milestones?direction=asc&amp;sort=count&amp;state=closed</link>
     <title>Milestones - RamiroGulino/desaf-o-scss-y-SEO · GitHub</title>
     <description>Contribute to RamiroGulino/desaf-o-scss-y-SEO development by creating an account on GitHub.</description>
     <ror:updatePeriod></ror:updatePeriod>
     <ror:sortOrder>4</ror:sortOrder>
     <ror:resourceOf>sitemap</ror:resourceOf>
</item>
</channel>
</rss>
  